Designator,Mid X,Mid Y,Rotation,Layer
C1_10,121.37,57.25,0.0,top
C1_9,6.57,57.25,0.0,top
C1_8,121.37,25.45,0.0,top
C1_7,92.67,25.45,0.0,top
C1_6,35.27,25.45,0.0,top
C1_5,6.57,25.45,0.0,top
C1_4,92.67,57.25,0.0,top
C1_3,63.97,57.25,0.0,top
C1_2,35.27,57.25,0.0,top
C1,63.97,25.45,0.0,top
C10_10,134.1601,41.0401,0.0,top
C10_9,19.3601,41.0401,0.0,top
C10_8,76.7601,41.0401,0.0,top
C10_7,134.1601,9.2401,0.0,top
C10_6,48.0601,9.2401,0.0,top
C10_5,105.4601,9.2401,0.0,top
C10_4,105.4601,41.0401,0.0,top
C10_3,19.3601,9.2401,0.0,top
C10_2,48.0601,41.0401,0.0,top
C10,76.7601,9.2401,0.0,top
C11_10,19.7,15.06,180.0,top
C11_9,77.1,15.06,180.0,top
C11_8,105.8,46.86,180.0,top
C11_7,48.4,15.06,180.0,top
C11_6,77.1,46.86,180.0,top
C11_5,19.7,46.86,180.0,top
C11_4,48.4,46.86,180.0,top
C11_3,134.5,15.06,180.0,top
C11_2,134.5,46.86,180.0,top
C11,105.8,15.06,180.0,top
C12_10,8.1,52.6,0.0,top
C12_9,94.2,20.8,0.0,top
C12_8,65.5,20.8,0.0,top
C12_7,65.5,52.6,0.0,top
C12_6,8.1,20.8,0.0,top
C12_5,122.9,20.8,0.0,top
C12_4,94.2,52.6,0.0,top
C12_3,122.9,52.6,0.0,top
C12_2,36.8,20.8,0.0,top
C12,36.8,52.6,0.0,top
C13_10,60.8,44.35,180.0,top
C13_9,60.8,12.55,180.0,top
C13_8,118.2,12.55,180.0,top
C13_7,32.1,12.55,180.0,top
C13_6,32.1,44.35,180.0,top
C13_5,89.5,12.55,180.0,top
C13_4,3.4,12.55,180.0,top
C13_3,89.5,44.35,180.0,top
C13_2,118.2,44.35,180.0,top
C13,3.4,44.35,180.0,top
C14_10,129.97,40.51,0.0,top
C14_9,72.57,8.71,0.0,top
C14_8,101.27,8.71,0.0,top
C14_7,15.17,8.71,0.0,top
C14_6,129.97,8.71,0.0,top
C14_5,43.87,40.51,0.0,top
C14_4,43.87,8.71,0.0,top
C14_3,72.57,40.51,0.0,top
C14_2,101.27,40.51,0.0,top
C14,15.17,40.51,0.0,top
C15_10,41.54,24.78,0.0,top
C15_9,98.94,24.78,0.0,top
C15_8,98.94,56.58,0.0,top
C15_7,12.84,24.78,0.0,top
C15_6,70.24,24.78,0.0,top
C15_5,127.64,56.58,0.0,top
C15_4,127.64,24.78,0.0,top
C15_3,12.84,56.58,0.0,top
C15_2,70.24,56.58,0.0,top
C15,41.54,56.58,0.0,top
C16_10,97.79,60.09,90.0,top
C16_9,40.39,28.29,90.0,top
C16_8,69.09,28.29,90.0,top
C16_7,11.69,28.29,90.0,top
C16_6,126.49,28.29,90.0,top
C16_5,40.39,60.09,90.0,top
C16_4,11.69,60.09,90.0,top
C16_3,97.79,28.29,90.0,top
C16_2,126.49,60.09,90.0,top
C16,69.09,60.09,90.0,top
C17_10,74.4272,26.71,180.0,top
C17_9,103.1272,26.71,180.0,top
C17_8,45.7272,58.51,180.0,top
C17_7,131.8272,26.71,180.0,top
C17_6,74.4272,58.51,180.0,top
C17_5,45.7272,26.71,180.0,top
C17_4,103.1272,58.51,180.0,top
C17_3,17.0272,58.51,180.0,top
C17_2,131.8272,58.51,180.0,top
C17,17.0272,26.71,180.0,top
C18_10,51.73,18.16,180.0,top
C18_9,109.13,49.96,180.0,top
C18_8,109.13,18.16,180.0,top
C18_7,80.43,18.16,180.0,top
C18_6,137.83,49.96,180.0,top
C18_5,23.03,49.96,180.0,top
C18_4,137.83,18.16,180.0,top
C18_3,23.03,18.16,180.0,top
C18_2,80.43,49.96,180.0,top
C18,51.73,49.96,180.0,top
C19_10,23.8,59.08,0.0,top
C19_9,109.9,27.28,0.0,top
C19_8,81.2,59.08,0.0,top
C19_7,138.6,27.28,0.0,top
C19_6,109.9,59.08,0.0,top
C19_5,81.2,27.28,0.0,top
C19_4,52.5,59.08,0.0,top
C19_3,52.5,27.28,0.0,top
C19_2,138.6,59.08,0.0,top
C19,23.8,27.28,0.0,top
C2_10,34.05,55.3901,90.0,top
C2_9,34.05,23.5901,90.0,top
C2_8,5.35,55.3901,90.0,top
C2_7,62.75,23.5901,90.0,top
C2_6,62.75,55.3901,90.0,top
C2_5,120.15,55.3901,90.0,top
C2_4,91.45,55.3901,90.0,top
C2_3,5.35,23.5901,90.0,top
C2_2,120.15,23.5901,90.0,top
C2,91.45,23.5901,90.0,top
C20_10,95.55,53.95,180.0,top
C20_9,9.45,53.95,180.0,top
C20_8,124.25,22.15,180.0,top
C20_7,124.25,53.95,180.0,top
C20_6,38.15,53.95,180.0,top
C20_5,95.55,22.15,180.0,top
C20_4,66.85,53.95,180.0,top
C20_3,9.45,22.15,180.0,top
C20_2,38.15,22.15,180.0,top
C20,66.85,22.15,180.0,top
C21_10,10.04,59.69,180.0,top
C21_9,67.44,59.69,180.0,top
C21_8,67.44,27.89,180.0,top
C21_7,38.74,59.69,180.0,top
C21_6,124.84,27.89,180.0,top
C21_5,124.84,59.69,180.0,top
C21_4,96.14,59.69,180.0,top
C21_3,38.74,27.89,180.0,top
C21_2,10.04,27.89,180.0,top
C21,96.14,27.89,180.0,top
C22_10,53.6799,16.74,0.0,top
C22_9,139.7799,48.54,0.0,top
C22_8,111.0799,16.74,0.0,top
C22_7,82.3799,16.74,0.0,top
C22_6,53.6799,48.54,0.0,top
C22_5,82.3799,48.54,0.0,top
C22_4,24.9799,16.74,0.0,top
C22_3,139.7799,16.74,0.0,top
C22_2,24.9799,48.54,0.0,top
C22,111.0799,48.54,0.0,top
C5_10,59.96,19.53,0.0,top
C5_9,31.26,51.33,0.0,top
C5_8,59.96,51.33,0.0,top
C5_7,117.36,19.53,0.0,top
C5_6,31.26,19.53,0.0,top
C5_5,88.66,51.33,0.0,top
C5_4,2.56,19.53,0.0,top
C5_3,88.66,19.53,0.0,top
C5_2,117.36,51.33,0.0,top
C5,2.56,51.33,0.0,top
C6_10,89.18,60.75,180.0,top
C6_9,89.18,28.95,180.0,top
C6_8,3.08,28.95,180.0,top
C6_7,60.48,60.75,180.0,top
C6_6,117.88,60.75,180.0,top
C6_5,31.78,60.75,180.0,top
C6_4,3.08,60.75,180.0,top
C6_3,31.78,28.95,180.0,top
C6_2,60.48,28.95,180.0,top
C6,117.88,28.95,180.0,top
C7_10,16.5,42.15,90.0,top
C7_9,45.2,10.35,90.0,top
C7_8,131.3,42.15,90.0,top
C7_7,102.6,10.35,90.0,top
C7_6,102.6,42.15,90.0,top
C7_5,73.9,10.35,90.0,top
C7_4,73.9,42.15,90.0,top
C7_3,131.3,10.35,90.0,top
C7_2,16.5,10.35,90.0,top
C7,45.2,42.15,90.0,top
C8_10,103.25,15.26,0.0,top
C8_9,45.85,47.06,0.0,top
C8_8,103.25,47.06,0.0,top
C8_7,131.95,15.26,0.0,top
C8_6,17.15,47.06,0.0,top
C8_5,74.55,15.26,0.0,top
C8_4,45.85,15.26,0.0,top
C8_3,74.55,47.06,0.0,top
C8_2,131.95,47.06,0.0,top
C8,17.15,15.26,0.0,top
C9_10,17.2429,50.45,180.0,top
C9_9,103.3429,50.45,180.0,top
C9_8,45.9429,18.65,180.0,top
C9_7,17.2429,18.65,180.0,top
C9_6,132.0429,50.45,180.0,top
C9_5,45.9429,50.45,180.0,top
C9_4,132.0429,18.65,180.0,top
C9_3,103.3429,18.65,180.0,top
C9_2,74.6429,50.45,180.0,top
C9,74.6429,18.65,180.0,top
CN1_10,42.5174,34.14985,0.0,top
CN1_9,71.2174,34.14985,0.0,top
CN1_8,99.9174,34.14985,0.0,top
CN1_7,99.9174,65.94985,0.0,top
CN1_6,71.2174,65.94985,0.0,top
CN1_5,13.8174,65.94985,0.0,top
CN1_4,42.5174,65.94985,0.0,top
CN1_3,13.8174,34.14985,0.0,top
CN1_2,128.6174,34.14985,0.0,top
CN1,128.6174,65.94985,0.0,top
CN2_10,100.05,32.23,0.0,top
CN2_9,100.05,64.03,0.0,top
CN2_8,71.35,64.03,0.0,top
CN2_7,42.65,32.23,0.0,top
CN2_6,42.65,64.03,0.0,top
CN2_5,128.75,32.23,0.0,top
CN2_4,13.95,32.23,0.0,top
CN2_3,71.35,32.23,0.0,top
CN2_2,13.95,64.03,0.0,top
CN2,128.75,64.03,0.0,top
D1_10,121.58,31.76,90.0,top
D1_9,64.18,63.56,90.0,top
D1_8,64.18,31.76,90.0,top
D1_7,121.58,63.56,90.0,top
D1_6,92.88,31.76,90.0,top
D1_5,92.88,63.56,90.0,top
D1_4,35.48,31.76,90.0,top
D1_3,35.48,63.56,90.0,top
D1_2,6.78,31.76,90.0,top
D1,6.78,63.56,90.0,top
D2_10,21.84,60.71,90.0,top
D2_9,136.64,60.71,90.0,top
D2_8,107.94,60.71,90.0,top
D2_7,79.24,28.91,90.0,top
D2_6,50.54,28.91,90.0,top
D2_5,21.84,28.91,90.0,top
D2_4,79.24,60.71,90.0,top
D2_3,50.54,60.71,90.0,top
D2_2,136.64,28.91,90.0,top
D2,107.94,28.91,90.0,top
F1_10,49.16,30.85,270.0,top
F1_9,106.56,30.85,270.0,top
F1_8,106.56,62.65,270.0,top
F1_7,77.86,30.85,270.0,top
F1_6,20.46,62.65,270.0,top
F1_5,135.26,62.65,270.0,top
F1_4,49.16,62.65,270.0,top
F1_3,135.26,30.85,270.0,top
F1_2,20.46,30.85,270.0,top
F1,77.86,62.65,270.0,top
L1_10,117.72,54.19,90.0,top
L1_9,89.02,54.19,90.0,top
L1_8,31.62,54.19,90.0,top
L1_7,60.32,54.19,90.0,top
L1_6,2.92,54.19,90.0,top
L1_5,2.92,22.39,90.0,top
L1_4,117.72,22.39,90.0,top
L1_3,31.62,22.39,90.0,top
L1_2,89.02,22.39,90.0,top
L1,60.32,22.39,90.0,top
Q1_10,80.95,13.26,270.0,top
Q1_9,138.35,13.26,270.0,top
Q1_8,23.55,45.06,270.0,top
Q1_7,138.35,45.06,270.0,top
Q1_6,23.55,13.26,270.0,top
Q1_5,109.65,45.06,270.0,top
Q1_4,52.25,13.26,270.0,top
Q1_3,80.95,45.06,270.0,top
Q1_2,52.25,45.06,270.0,top
Q1,109.65,13.26,270.0,top
R1_10,121.38,58.42,0.0,top
R1_9,121.38,26.62,0.0,top
R1_8,63.98,58.42,0.0,top
R1_7,92.68,58.42,0.0,top
R1_6,6.58,58.42,0.0,top
R1_5,35.28,26.62,0.0,top
R1_4,63.98,26.62,0.0,top
R1_3,6.58,26.62,0.0,top
R1_2,92.68,26.62,0.0,top
R1,35.28,58.42,0.0,top
R10_10,47.9,7.85,180.0,top
R10_9,134.0,7.85,180.0,top
R10_8,134.0,39.65,180.0,top
R10_7,105.3,39.65,180.0,top
R10_6,76.6,39.65,180.0,top
R10_5,76.6,7.85,180.0,top
R10_4,105.3,7.85,180.0,top
R10_3,19.2,39.65,180.0,top
R10_2,19.2,7.85,180.0,top
R10,47.9,39.65,180.0,top
R11_10,74.6,39.65,180.0,top
R11_9,17.2,7.85,180.0,top
R11_8,45.9,39.65,180.0,top
R11_7,45.9,7.85,180.0,top
R11_6,132.0,7.85,180.0,top
R11_5,132.0,39.65,180.0,top
R11_4,74.6,7.85,180.0,top
R11_3,17.2,39.65,180.0,top
R11_2,103.3,7.85,180.0,top
R11,103.3,39.65,180.0,top
R12_10,35.5,8.25,270.0,top
R12_9,121.6,40.05,270.0,top
R12_8,6.8,40.05,270.0,top
R12_7,64.2,8.25,270.0,top
R12_6,92.9,40.05,270.0,top
R12_5,121.6,8.25,270.0,top
R12_4,92.9,8.25,270.0,top
R12_3,6.8,8.25,270.0,top
R12_2,35.5,40.05,270.0,top
R12,64.2,40.05,270.0,top
R13_10,65.3,40.05,270.0,top
R13_9,7.9,8.25,270.0,top
R13_8,36.6,8.25,270.0,top
R13_7,65.3,8.25,270.0,top
R13_6,36.6,40.05,270.0,top
R13_5,94.0,8.25,270.0,top
R13_4,7.9,40.05,270.0,top
R13_3,122.7,8.25,270.0,top
R13_2,94.0,40.05,270.0,top
R13,122.7,40.05,270.0,top
R14_10,19.3872,16.76,0.0,top
R14_9,76.7872,48.56,0.0,top
R14_8,134.1872,16.76,0.0,top
R14_7,48.0872,16.76,0.0,top
R14_6,134.1872,48.56,0.0,top
R14_5,76.7872,16.76,0.0,top
R14_4,105.4872,48.56,0.0,top
R14_3,105.4872,16.76,0.0,top
R14_2,19.3872,48.56,0.0,top
R14,48.0872,48.56,0.0,top
R15_10,34.4,8.2128,270.0,top
R15_9,120.5,40.0128,270.0,top
R15_8,91.8,8.2128,270.0,top
R15_7,63.1,40.0128,270.0,top
R15_6,120.5,8.2128,270.0,top
R15_5,63.1,8.2128,270.0,top
R15_4,5.7,8.2128,270.0,top
R15_3,5.7,40.0128,270.0,top
R15_2,34.4,40.0128,270.0,top
R15,91.8,40.0128,270.0,top
R16_10,66.38,40.05,270.0,top
R16_9,123.78,40.05,270.0,top
R16_8,95.08,40.05,270.0,top
R16_7,37.68,8.25,270.0,top
R16_6,123.78,8.25,270.0,top
R16_5,37.68,40.05,270.0,top
R16_4,8.98,8.25,270.0,top
R16_3,8.98,40.05,270.0,top
R16_2,66.38,8.25,270.0,top
R16,95.08,8.25,270.0,top
R17_10,3.32,47.15,180.0,top
R17_9,89.42,15.35,180.0,top
R17_8,60.72,15.35,180.0,top
R17_7,32.02,15.35,180.0,top
R17_6,118.12,15.35,180.0,top
R17_5,118.12,47.15,180.0,top
R17_4,60.72,47.15,180.0,top
R17_3,3.32,15.35,180.0,top
R17_2,89.42,47.15,180.0,top
R17,32.02,47.15,180.0,top
R18_10,60.72,45.75,180.0,top
R18_9,3.32,13.95,180.0,top
R18_8,118.12,13.95,180.0,top
R18_7,89.42,45.75,180.0,top
R18_6,89.42,13.95,180.0,top
R18_5,32.02,13.95,180.0,top
R18_4,32.02,45.75,180.0,top
R18_3,118.12,45.75,180.0,top
R18_2,60.72,13.95,180.0,top
R18,3.32,45.75,180.0,top
R19_10,99.8,8.2,90.0,top
R19_9,71.1,8.2,90.0,top
R19_8,13.7,8.2,90.0,top
R19_7,13.7,40.0,90.0,top
R19_6,99.8,40.0,90.0,top
R19_5,71.1,40.0,90.0,top
R19_4,42.4,8.2,90.0,top
R19_3,42.4,40.0,90.0,top
R19_2,128.5,40.0,90.0,top
R19,128.5,8.2,90.0,top
R2_10,92.59,55.4401,270.0,top
R2_9,92.59,23.6401,270.0,top
R2_8,63.89,23.6401,270.0,top
R2_7,63.89,55.4401,270.0,top
R2_6,35.19,23.6401,270.0,top
R2_5,6.49,23.6401,270.0,top
R2_4,121.29,23.6401,270.0,top
R2_3,121.29,55.4401,270.0,top
R2_2,6.49,55.4401,270.0,top
R2,35.19,55.4401,270.0,top
R21_10,45.7,25.56,180.0,top
R21_9,17.0,57.36,180.0,top
R21_8,103.1,25.56,180.0,top
R21_7,103.1,57.36,180.0,top
R21_6,131.8,25.56,180.0,top
R21_5,45.7,57.36,180.0,top
R21_4,74.4,25.56,180.0,top
R21_3,74.4,57.36,180.0,top
R21_2,17.0,25.56,180.0,top
R21,131.8,57.36,180.0,top
R22_10,103.13,27.79,180.0,top
R22_9,74.43,27.79,180.0,top
R22_8,131.83,59.59,180.0,top
R22_7,131.83,27.79,180.0,top
R22_6,45.73,59.59,180.0,top
R22_5,17.03,59.59,180.0,top
R22_4,103.13,59.59,180.0,top
R22_3,45.73,27.79,180.0,top
R22_2,74.43,59.59,180.0,top
R22,17.03,27.79,180.0,top
R23_10,133.85,23.35,90.0,top
R23_9,76.45,55.15,90.0,top
R23_8,47.75,23.35,90.0,top
R23_7,19.05,23.35,90.0,top
R23_6,19.05,55.15,90.0,top
R23_5,105.15,23.35,90.0,top
R23_4,133.85,55.15,90.0,top
R23_3,105.15,55.15,90.0,top
R23_2,47.75,55.15,90.0,top
R23,76.45,23.35,90.0,top
R24_10,75.29,23.35,90.0,top
R24_9,75.29,55.15,90.0,top
R24_8,103.99,23.35,90.0,top
R24_7,46.59,55.15,90.0,top
R24_6,132.69,23.35,90.0,top
R24_5,103.99,55.15,90.0,top
R24_4,17.89,23.35,90.0,top
R24_3,17.89,55.15,90.0,top
R24_2,46.59,23.35,90.0,top
R24,132.69,55.15,90.0,top
R25_10,45.44,23.3328,90.0,top
R25_9,74.14,55.1328,90.0,top
R25_8,102.84,23.3328,90.0,top
R25_7,74.14,23.3328,90.0,top
R25_6,16.74,55.1328,90.0,top
R25_5,16.74,23.3328,90.0,top
R25_4,45.44,55.1328,90.0,top
R25_3,131.54,55.1328,90.0,top
R25_2,131.54,23.3328,90.0,top
R25,102.84,55.1328,90.0,top
R26_10,15.44,56.3,90.0,top
R26_9,130.24,56.3,90.0,top
R26_8,101.54,56.3,90.0,top
R26_7,72.84,24.5,90.0,top
R26_6,72.84,56.3,90.0,top
R26_5,44.14,56.3,90.0,top
R26_4,44.14,24.5,90.0,top
R26_3,130.24,24.5,90.0,top
R26_2,101.54,24.5,90.0,top
R26,15.44,24.5,90.0,top
R27_10,135.15,18.41,270.0,top
R27_9,106.45,18.41,270.0,top
R27_8,20.35,50.21,270.0,top
R27_7,135.15,50.21,270.0,top
R27_6,77.75,18.41,270.0,top
R27_5,49.05,50.21,270.0,top
R27_4,77.75,50.21,270.0,top
R27_3,106.45,50.21,270.0,top
R27_2,20.35,18.41,270.0,top
R27,49.05,18.41,270.0,top
R28_10,136.39,49.6,270.0,top
R28_9,107.69,17.8,270.0,top
R28_8,136.39,17.8,270.0,top
R28_7,50.29,17.8,270.0,top
R28_6,50.29,49.6,270.0,top
R28_5,78.99,49.6,270.0,top
R28_4,21.59,17.8,270.0,top
R28_3,78.99,17.8,270.0,top
R28_2,107.69,49.6,270.0,top
R28,21.59,49.6,270.0,top
R29_10,24.9499,17.87,0.0,top
R29_9,111.0499,49.67,0.0,top
R29_8,82.3499,49.67,0.0,top
R29_7,82.3499,17.87,0.0,top
R29_6,24.9499,49.67,0.0,top
R29_5,53.6499,17.87,0.0,top
R29_4,53.6499,49.67,0.0,top
R29_3,139.7499,49.67,0.0,top
R29_2,139.7499,17.87,0.0,top
R29,111.0499,17.87,0.0,top
R3_10,62.72,52.9828,90.0,top
R3_9,120.12,21.1828,90.0,top
R3_8,5.32,21.1828,90.0,top
R3_7,34.02,52.9828,90.0,top
R3_6,91.42,52.9828,90.0,top
R3_5,120.12,52.9828,90.0,top
R3_4,34.02,21.1828,90.0,top
R3_3,62.72,21.1828,90.0,top
R3_2,5.32,52.9828,90.0,top
R3,91.42,21.1828,90.0,top
R30_10,135.27,20.65,270.0,top
R30_9,106.57,20.65,270.0,top
R30_8,106.57,52.45,270.0,top
R30_7,77.87,20.65,270.0,top
R30_6,77.87,52.45,270.0,top
R30_5,20.47,20.65,270.0,top
R30_4,49.17,20.65,270.0,top
R30_3,135.27,52.45,270.0,top
R30_2,49.17,52.45,270.0,top
R30,20.47,52.45,270.0,top
R31_10,82.7247,28.5574,0.0,top
R31_9,25.3247,60.3574,0.0,top
R31_8,25.3247,28.5574,0.0,top
R31_7,82.7247,60.3574,0.0,top
R31_6,111.4247,60.3574,0.0,top
R31_5,140.1247,60.3574,0.0,top
R31_4,140.1247,28.5574,0.0,top
R31_3,54.0247,60.3574,0.0,top
R31_2,54.0247,28.5574,0.0,top
R31,111.4247,28.5574,0.0,top
R32_10,127.52,55.33,0.0,top
R32_9,41.42,55.33,0.0,top
R32_8,12.72,55.33,0.0,top
R32_7,98.82,23.53,0.0,top
R32_6,41.42,23.53,0.0,top
R32_5,12.72,23.53,0.0,top
R32_4,70.12,23.53,0.0,top
R32_3,98.82,55.33,0.0,top
R32_2,70.12,55.33,0.0,top
R32,127.52,23.53,0.0,top
R4_10,63.86,21.63,90.0,top
R4_9,92.56,21.63,90.0,top
R4_8,121.26,53.43,90.0,top
R4_7,92.56,53.43,90.0,top
R4_6,63.86,53.43,90.0,top
R4_5,35.16,21.63,90.0,top
R4_4,6.46,53.43,90.0,top
R4_3,6.46,21.63,90.0,top
R4_2,35.16,53.43,90.0,top
R4,121.26,21.63,90.0,top
R5_10,138.25,29.29,270.0,top
R5_9,23.45,61.09,270.0,top
R5_8,109.55,61.09,270.0,top
R5_7,109.55,29.29,270.0,top
R5_6,80.85,29.29,270.0,top
R5_5,52.15,29.29,270.0,top
R5_4,23.45,29.29,270.0,top
R5_3,52.15,61.09,270.0,top
R5_2,138.25,61.09,270.0,top
R5,80.85,61.09,270.0,top
R6_10,121.38,27.8316,180.0,top
R6_9,92.68,59.6316,180.0,top
R6_8,63.98,59.6316,180.0,top
R6_7,35.28,59.6316,180.0,top
R6_6,121.38,59.6316,180.0,top
R6_5,35.28,27.8316,180.0,top
R6_4,6.58,27.8316,180.0,top
R6_3,92.68,27.8316,180.0,top
R6_2,6.58,59.6316,180.0,top
R6,63.98,27.8316,180.0,top
R7_10,78.5328,39.65,180.0,top
R7_9,107.2328,39.65,180.0,top
R7_8,49.8328,7.85,180.0,top
R7_7,21.1328,7.85,180.0,top
R7_6,135.9328,7.85,180.0,top
R7_5,21.1328,39.65,180.0,top
R7_4,135.9328,39.65,180.0,top
R7_3,78.5328,7.85,180.0,top
R7_2,107.2328,7.85,180.0,top
R7,49.8328,39.65,180.0,top
R8_10,74.68,16.42,0.0,top
R8_9,132.08,48.22,0.0,top
R8_8,45.98,16.42,0.0,top
R8_7,74.68,48.22,0.0,top
R8_6,103.38,48.22,0.0,top
R8_5,17.28,16.42,0.0,top
R8_4,17.28,48.22,0.0,top
R8_3,132.08,16.42,0.0,top
R8_2,103.38,16.42,0.0,top
R8,45.98,48.22,0.0,top
R9_10,132.1,17.52,0.0,top
R9_9,46.0,49.32,0.0,top
R9_8,132.1,49.32,0.0,top
R9_7,103.4,49.32,0.0,top
R9_6,17.3,17.52,0.0,top
R9_5,74.7,17.52,0.0,top
R9_4,17.3,49.32,0.0,top
R9_3,74.7,49.32,0.0,top
R9_2,103.4,17.52,0.0,top
R9,46.0,17.52,0.0,top
U1_10,60.7,57.87405,180.0,top
U1_9,32.0,26.07405,180.0,top
U1_8,118.1,57.87405,180.0,top
U1_7,118.1,26.07405,180.0,top
U1_6,3.3,57.87405,180.0,top
U1_5,3.3,26.07405,180.0,top
U1_4,89.4,26.07405,180.0,top
U1_3,89.4,57.87405,180.0,top
U1_2,60.7,26.07405,180.0,top
U1,32.0,57.87405,180.0,top
U2_10,125.53,14.52,0.0,top
U2_9,10.73,46.32,0.0,top
U2_8,125.53,46.32,0.0,top
U2_7,96.83,46.32,0.0,top
U2_6,10.73,14.52,0.0,top
U2_5,39.43,46.32,0.0,top
U2_4,39.43,14.52,0.0,top
U2_3,68.13,46.32,0.0,top
U2_2,96.83,14.52,0.0,top
U2,68.13,14.52,0.0,top
U3_10,42.4699,27.37015,90.0,top
U3_9,99.8699,59.17015,90.0,top
U3_8,13.7699,27.37015,90.0,top
U3_7,71.1699,59.17015,90.0,top
U3_6,128.5699,27.37015,90.0,top
U3_5,42.4699,59.17015,90.0,top
U3_4,128.5699,59.17015,90.0,top
U3_3,71.1699,27.37015,90.0,top
U3_2,99.8699,27.37015,90.0,top
U3,13.7699,59.17015,90.0,top
U4_10,138.09,25.05,180.0,top
U4_9,51.99,56.85,180.0,top
U4_8,23.29,25.05,180.0,top
U4_7,80.69,25.05,180.0,top
U4_6,109.39,56.85,180.0,top
U4_5,23.29,56.85,180.0,top
U4_4,80.69,56.85,180.0,top
U4_3,138.09,56.85,180.0,top
U4_2,109.39,25.05,180.0,top
U4,51.99,25.05,180.0,top
U5_10,109.21,52.3375,90.0,top
U5_9,80.51,20.5375,90.0,top
U5_8,51.81,52.3375,90.0,top
U5_7,51.81,20.5375,90.0,top
U5_6,23.11,20.5375,90.0,top
U5_5,137.91,52.3375,90.0,top
U5_4,23.11,52.3375,90.0,top
U5_3,80.51,52.3375,90.0,top
U5_2,109.21,20.5375,90.0,top
U5,137.91,20.5375,90.0,top
U6_10,67.38,25.2399,90.0,top
U6_9,38.68,57.0399,90.0,top
U6_8,67.38,57.0399,90.0,top
U6_7,9.98,25.2399,90.0,top
U6_6,38.68,25.2399,90.0,top
U6_5,96.08,57.0399,90.0,top
U6_4,124.78,25.2399,90.0,top
U6_3,9.98,57.0399,90.0,top
U6_2,96.08,25.2399,90.0,top
U6,124.78,57.0399,90.0,top
X1_10,104.8358,43.9743,90.0,top
X1_9,47.4358,12.1743,90.0,top
X1_8,133.5358,12.1743,90.0,top
X1_7,76.1358,12.1743,90.0,top
X1_6,133.5358,43.9743,90.0,top
X1_5,47.4358,43.9743,90.0,top
X1_4,76.1358,43.9743,90.0,top
X1_3,18.7358,12.1743,90.0,top
X1_2,104.8358,12.1743,90.0,top
X1,18.7358,43.9743,90.0,top
